alpha,embedding_size,dropout,n_classes,representation,n_words,train_loss,dev_loss,test_loss,train_acc,dev_acc,test_acc,train_norm,dev_norm,test_norm
5.495814589832352,768,0.2,16,R1_d80_10_bert,,3.999978000345165,3.999987343125974,3.9999870532158335,0.10246510246510246,0.08089617923584717,0.08097603974677459,0.02490357495844364,0.02490357495844364,0.02490357495844364
