alpha,embedding_size,dropout,n_classes,representation,n_words,train_loss,dev_loss,test_loss,train_acc,dev_acc,test_acc,train_norm,dev_norm,test_norm
0.6969691317244994,768,0.11,16,R1_d80_10_bert,,3.999707981567904,3.9997176449831593,3.9997254912216453,0.16309028809028808,0.16771354270854172,0.16535780110585785,0.025661302730441093,0.025661302730441093,0.025661302730441093
