alpha,embedding_size,dropout,n_classes,representation,n_words,train_loss,dev_loss,test_loss,train_acc,dev_acc,test_acc,train_norm,dev_norm,test_norm
8.0,768,0.45,16,R1_d80_10_bert,,3.9999775423435704,3.999980096403039,3.999980843385277,0.10387585387585388,0.08321664332866573,0.08213799182626813,0.02494949847459793,0.02494949847459793,0.02494949847459793
