alpha,embedding_size,dropout,n_classes,representation,n_words,train_loss,dev_loss,test_loss,train_acc,dev_acc,test_acc,train_norm,dev_norm,test_norm
3.7754972507267723,768,0.21,16,R1_d80_10_bert,,3.999939457117573,3.9999468811799774,3.999945547194977,0.1066973566973567,0.10598119623924784,0.10946389935090953,0.024617021903395653,0.024617021903395653,0.024617021903395653
