alpha,embedding_size,dropout,n_classes,representation,n_words,train_loss,dev_loss,test_loss,train_acc,dev_acc,test_acc,train_norm,dev_norm,test_norm
0.12866277958043645,768,0.22,16,R1_d80_10_bert,,3.7057648513732766,3.7322429557398906,3.7366997412701375,0.16309028809028808,0.16771354270854172,0.16535780110585785,1.3405712842941284,1.3405712842941284,1.3405712842941284
