alpha,embedding_size,dropout,n_classes,representation,n_words,train_loss,dev_loss,test_loss,train_acc,dev_acc,test_acc,train_norm,dev_norm,test_norm
1.7817974362806772,768,0.02,16,R1_d80_10_bert,,3.999911884118656,3.9999137730473495,3.9999122467357404,0.10591773091773092,0.081376275255051,0.08197772257392419,0.024388808757066727,0.024388808757066727,0.024388808757066727
