alpha,embedding_size,dropout,n_classes,representation,n_words,train_loss,dev_loss,test_loss,train_acc,dev_acc,test_acc,train_norm,dev_norm,test_norm
0.07325985555120318,768,0.11,16,R1_d80_10_bert,,3.634236060514413,3.668093825550312,3.675248053700737,0.16309028809028808,0.16771354270854172,0.16535780110585785,1.9997416734695435,1.9997416734695435,1.9997416734695435
