alpha,embedding_size,dropout,n_classes,representation,n_words,train_loss,dev_loss,test_loss,train_acc,dev_acc,test_acc,train_norm,dev_norm,test_norm
0.04171374544281356,768,0.49,16,R1_d80_10_bert,,3.43152869537247,3.480524342859905,3.4912904181993585,0.25983813483813484,0.2578515703140628,0.2549483131661191,5.858532428741455,5.858532428741455,5.858532428741455
