alpha,embedding_size,dropout,n_classes,representation,n_words,train_loss,dev_loss,test_loss,train_acc,dev_acc,test_acc,train_norm,dev_norm,test_norm
2.149746679841392,768,0.19,16,R1_d80_10_bert,,3.999908044920996,3.9999177013308698,3.999918580045684,0.13127413127413126,0.11062212442488498,0.10922349547239363,0.024470999836921692,0.024470999836921692,0.024470999836921692
